{
  "experiment": "colide_ev_scaling_sweep",
  "description": "CoLiDE-EV static vs mini-batch SGD (batch_size in {100, 50, 1}) across n_nodes in {20,40,60,80,100} and ER densities {2,3,4}. Same iteration budget across all methods. Metrics: SHD on thresholded W_est; NMSE on raw weighted W_est.",
  "timestamp": "2026-05-26T21:56:11",
  "config": {
    "nodes_list": [
      20,
      40,
      60,
      80,
      100,
      200
    ],
    "batch_sizes": [
      100,
      50,
      1
    ],
    "er_levels": [
      2,
      3,
      4
    ],
    "graph_type": "er",
    "edge_type": "weighted",
    "n_samples": 1000,
    "noise": "normal",
    "var": 1.0,
    "w_range": [
      [
        -2.0,
        -0.5
      ],
      [
        0.5,
        2.0
      ]
    ],
    "seed": 42,
    "threshold": 0.3,
    "lambda1": 0.05,
    "static_kw": {
      "T": 4,
      "mu_init": 1.0,
      "mu_factor": 0.1,
      "s": [
        1.0,
        0.9,
        0.8,
        0.7
      ],
      "warm_iter": 20000,
      "max_iter": 70000,
      "lr": 0.0003
    },
    "batch_kw": {
      "T": 4,
      "mu_init": 1.0,
      "mu_factor": 0.1,
      "s": [
        1.0,
        0.9,
        0.8,
        0.7
      ],
      "n_batches_warm": 20000,
      "n_batches_final": 70000,
      "lr": 0.0003
    }
  },
  "results": {
    "ER2": {
      "Static": {
        "d=20": {
          "tpr": 1.0,
          "fdr": 0.0,
          "shd": 0,
          "nmse": 0.006723151065844676,
          "time_s": 3.689178705215454
        },
        "d=40": {
          "tpr": 0.974025974025974,
          "fdr": 0.0,
          "shd": 2,
          "nmse": 0.009989494850458748,
          "time_s": 5.387005805969238
        },
        "d=60": {
          "tpr": 0.9807692307692307,
          "fdr": 0.02857142857142857,
          "shd": 3,
          "nmse": 0.021678566671344626,
          "time_s": 9.672489881515503
        },
        "d=80": {
          "tpr": 1.0,
          "fdr": 0.0,
          "shd": 0,
          "nmse": 0.006033628607263994,
          "time_s": 31.115989446640015
        },
        "d=100": {
          "tpr": 0.9887005649717514,
          "fdr": 0.011299435028248588,
          "shd": 3,
          "nmse": 0.012262552222884355,
          "time_s": 324.662362575531
        },
        "d=200": {
          "tpr": 0.9894179894179894,
          "fdr": 0.013192612137203167,
          "shd": 6,
          "nmse": 0.013685296690079706,
          "time_s": 4948.481978416443
        }
      },
      "bs=100": {
        "d=20": {
          "tpr": 1.0,
          "fdr": 0.0,
          "shd": 0,
          "nmse": 0.007253850862146269,
          "time_s": 6.284988164901733
        },
        "d=40": {
          "tpr": 0.974025974025974,
          "fdr": 0.0,
          "shd": 2,
          "nmse": 0.010294192314649488,
          "time_s": 7.122167348861694
        },
        "d=60": {
          "tpr": 0.9807692307692307,
          "fdr": 0.02857142857142857,
          "shd": 3,
          "nmse": 0.021792004278663017,
          "time_s": 11.86364483833313
        },
        "d=80": {
          "tpr": 1.0,
          "fdr": 0.0,
          "shd": 0,
          "nmse": 0.006567779060359553,
          "time_s": 27.59173893928528
        },
        "d=100": {
          "tpr": 0.9774011299435028,
          "fdr": 0.022598870056497175,
          "shd": 5,
          "nmse": 0.022826350414448377,
          "time_s": 804.4441299438477
        },
        "d=200": {
          "tpr": 0.9894179894179894,
          "fdr": 0.013192612137203167,
          "shd": 6,
          "nmse": 0.01375947682784211,
          "time_s": 4043.10831284523
        }
      },
      "bs=50": {
        "d=20": {
          "tpr": 1.0,
          "fdr": 0.0,
          "shd": 0,
          "nmse": 0.006775902693992227,
          "time_s": 7.896540641784668
        },
        "d=40": {
          "tpr": 0.974025974025974,
          "fdr": 0.0,
          "shd": 2,
          "nmse": 0.010075014837291854,
          "time_s": 8.481061697006226
        },
        "d=60": {
          "tpr": 0.9807692307692307,
          "fdr": 0.02857142857142857,
          "shd": 3,
          "nmse": 0.02183098671171436,
          "time_s": 11.673129558563232
        },
        "d=80": {
          "tpr": 1.0,
          "fdr": 0.0,
          "shd": 0,
          "nmse": 0.00620355419505024,
          "time_s": 30.628161430358887
        },
        "d=100": {
          "tpr": 0.9830508474576272,
          "fdr": 0.02247191011235955,
          "shd": 4,
          "nmse": 0.022651261496122083,
          "time_s": 748.4841632843018
        },
        "d=200": {
          "tpr": 0.9894179894179894,
          "fdr": 0.013192612137203167,
          "shd": 6,
          "nmse": 0.014109312825183148,
          "time_s": 4194.774760484695
        }
      },
      "bs=1": {
        "d=20": {
          "tpr": 1.0,
          "fdr": 0.0,
          "shd": 0,
          "nmse": 0.006774607890106032,
          "time_s": 7.162859916687012
        },
        "d=40": {
          "tpr": 0.974025974025974,
          "fdr": 0.0,
          "shd": 2,
          "nmse": 0.010021511289280876,
          "time_s": 9.360397100448608
        },
        "d=60": {
          "tpr": 0.9807692307692307,
          "fdr": 0.02857142857142857,
          "shd": 3,
          "nmse": 0.021673944687559964,
          "time_s": 30.255871772766113
        },
        "d=80": {
          "tpr": 1.0,
          "fdr": 0.0,
          "shd": 0,
          "nmse": 0.006385310835601303,
          "time_s": 34.04172444343567
        },
        "d=100": {
          "tpr": 0.9887005649717514,
          "fdr": 0.011299435028248588,
          "shd": 3,
          "nmse": 0.01226317133528177,
          "time_s": 600.3562853336334
        },
        "d=200": {
          "tpr": 0.9894179894179894,
          "fdr": 0.013192612137203167,
          "shd": 6,
          "nmse": 0.01372555371153015,
          "time_s": 5658.9182460308075
        }
      }
    },
    "ER3": {
      "Static": {
        "d=20": {
          "tpr": 0.8450704225352113,
          "fdr": 0.22077922077922077,
          "shd": 24,
          "nmse": 0.28988604727153694,
          "time_s": 3.8442187309265137
        },
        "d=40": {
          "tpr": 0.9732142857142857,
          "fdr": 0.0,
          "shd": 3,
          "nmse": 0.012059768322194969,
          "time_s": 5.996425151824951
        },
        "d=60": {
          "tpr": 0.9532163742690059,
          "fdr": 0.05232558139534884,
          "shd": 14,
          "nmse": 0.06371146535012383,
          "time_s": 11.3480863571167
        },
        "d=80": {
          "tpr": 0.9730941704035875,
          "fdr": 0.0091324200913242,
          "shd": 8,
          "nmse": 0.03403889643793186,
          "time_s": 27.943219423294067
        },
        "d=100": {
          "tpr": 0.992619926199262,
          "fdr": 0.0,
          "shd": 2,
          "nmse": 0.00835882480253021,
          "time_s": 358.0929446220398
        },
        "d=200": {
          "tpr": 0.9929947460595446,
          "fdr": 0.005263157894736842,
          "shd": 4,
          "nmse": 0.009307480297214498,
          "time_s": 5693.809575080872
        }
      },
      "bs=100": {
        "d=20": {
          "tpr": 0.8450704225352113,
          "fdr": 0.22077922077922077,
          "shd": 24,
          "nmse": 0.2901506633714247,
          "time_s": 5.821969032287598
        },
        "d=40": {
          "tpr": 0.9732142857142857,
          "fdr": 0.0,
          "shd": 3,
          "nmse": 0.012134241926275777,
          "time_s": 10.1697096824646
        },
        "d=60": {
          "tpr": 0.9532163742690059,
          "fdr": 0.05232558139534884,
          "shd": 14,
          "nmse": 0.06351807393492633,
          "time_s": 12.993794441223145
        },
        "d=80": {
          "tpr": 0.9730941704035875,
          "fdr": 0.013636363636363636,
          "shd": 9,
          "nmse": 0.03442140533889778,