{
  "experiment": "svar_d20_er2_nv_minibatch_10seeds",
  "timestamp": "2026-05-29T20:26:55",
  "config": {
    "d": 20,
    "er": 2,
    "lag_order": 1,
    "n_timesteps": 1000,
    "temporal_strength": 0.25,
    "threshold": 0.1,
    "lambda_W": 0.02,
    "lambda_A": 0.05,
    "seeds": [
      42,
      43,
      44,
      45,
      46,
      47,
      48,
      49,
      50,
      51
    ],
    "batch_sizes": [
      100,
      50,
      1
    ],
    "batch_kw": {
      "T": 4,
      "mu_init": 1.0,
      "mu_factor": 0.1,
      "s": [
        1.0,
        0.9,
        0.8,
        0.7
      ],
      "n_batches_warm": 20000,
      "n_batches_final": 70000,
      "lr": 0.0003,
      "checkpoint": 5000
    }
  },
  "results": {
    "bs=100": {
      "W_shd": {
        "mean": 12.3,
        "std": 8.764131445842194,
        "values": [
          1.0,
          5.0,
          9.0,
          20.0,
          25.0,
          28.0,
          4.0,
          6.0,
          12.0,
          13.0
        ]
      },
      "W_tpr": {
        "mean": 0.9468402973837756,
        "std": 0.03809466095383419,
        "values": [
          1.0,
          0.9782608695652174,
          0.9791666666666666,
          0.9166666666666666,
          0.8958333333333334,
          0.8809523809523809,
          0.9696969696969697,
          0.9782608695652174,
          0.9347826086956522,
          0.9347826086956522
        ]
      },
      "W_fdr": {
        "mean": 0.17632945657949958,
        "std": 0.1091292179871573,
        "values": [
          0.02127659574468085,
          0.08163265306122448,
          0.14545454545454545,
          0.26666666666666666,
          0.31746031746031744,
          0.38333333333333336,
          0.08571428571428572,
          0.1,
          0.17307692307692307,
          0.18867924528301888
        ]
      },
      "W_nmse": {
        "mean": 0.13899846053800305,
        "std": 0.12123237841181683,
        "values": [
          0.003676428218064927,
          0.014178584287468314,
          0.04760324116483036,
          0.2536007814510424,
          0.33151280840447955,
          0.3216752875899376,
          0.038180529185189306,
          0.0543284059860497,
          0.19944347104460292,
          0.1257850680483654
        ]
      },
      "A_shd": {
        "mean": 24.6,
        "std": 4.651881339845202,
        "values": [
          26.0,
          15.0,
          23.0,
          25.0,
          23.0,
          25.0,
          29.0,
          33.0,
          27.0,
          20.0
        ]
      },
      "A_tpr": {
        "mean": 0.42749999999999994,
        "std": 0.140289878465982,
        "values": [
          0.35,
          0.625,
          0.425,
          0.525,
          0.625,
          0.4,
          0.275,
          0.175,
          0.35,
          0.525
        ]
      },
      "A_fdr": {
        "mean": 0.06355912061794414,
        "std": 0.08816199804137119,
        "values": [
          0.0,
          0.0,
          0.0,
          0.2222222222222222,
          0.24242424242424243,
          0.058823529411764705,
          0.0,
          0.0,
          0.06666666666666667,
          0.045454545454545456
        ]
      },
      "A_nmse": {
        "mean": 0.4095452312660789,
        "std": 0.1313390107552976,
        "values": [
          0.28613828582709006,
          0.2252039790489447,
          0.2783242677426061,
          0.6435984166798544,
          0.4939576675001537,
          0.5210285121398596,
          0.38156876545620183,
          0.4372886778819951,
          0.5369305293360659,
          0.2914132110480172
        ]
      },
      "time_s": {
        "mean": 39.17528865337372,
        "std": 3.1563401561717805,
        "values": [
          41.35232901573181,
          41.03430438041687,
          33.11651253700256,
          41.064131021499634,
          40.935096740722656,
          41.07517671585083,
          40.99369215965271,
          33.171114921569824,
          41.066022872924805,
          37.94450616836548
        ]
      }
    },
    "bs=50": {
      "W_shd": {
        "mean": 12.9,
        "std": 8.83685464404615,
        "values": [
          1.0,
          5.0,
          9.0,
          20.0,
          25.0,
          30.0,
          8.0,
          6.0,
          12.0,
          13.0
        ]
      },
      "W_tpr": {
        "mean": 0.9407796913231696,
        "std": 0.0387908640286732,
        "values": [
          1.0,
          0.9782608695652174,
          0.9791666666666666,
          0.9166666666666666,
          0.8958333333333334,
          0.8809523809523809,
          0.9090909090909091,
          0.9782608695652174,
          0.9347826086956522,
          0.9347826086956522
        ]
      },
      "W_fdr": {
        "mean": 0.18403298960561326,
        "std": 0.10956233529968624,
        "values": [
          0.02127659574468085,
          0.08163265306122448,
          0.14545454545454545,
          0.26666666666666666,
          0.31746031746031744,
          0.4032258064516129,
          0.14285714285714285,
          0.1,
          0.17307692307692307,
          0.18867924528301888
        ]
      },
      "W_nmse": {
        "mean": 0.14784529384953488,
        "std": 0.11582422491514217,
        "values": [
          0.0036978056203572354,
          0.014215431919595813,
          0.04757583065817762,
          0.25350022343278394,
          0.33144612274554525,
          0.31651173277961314,
          0.13169281513361686,
          0.05435959951310614,
          0.19946305727810656,
          0.12599031941444577
        ]
      },
      "A_shd": {
        "mean": 24.8,
        "std": 4.874423042781577,
        "values": [
          26.0,
          15.0,
          23.0,
          25.0,
          23.0,
          25.0,
          31.0,
          33.0,
          27.0,
          20.0
        ]
      },
      "A_tpr": {
        "mean": 0.425,
        "std": 0.14317821063276354,
        "values": [
          0.35,
          0.625,
          0.425,
          0.525,
          0.625,
          0.4,
          0.25,
          0.175,
          0.35,
          0.525
        ]
      },
      "A_fdr": {
        "mean": 0.07265002970885323,
        "std": 0.08579463372885036,
        "values": [
          0.0,
          0.0,
          0.0,
          0.2222222222222222,
          0.24242424242424243,
          0.058823529411764705,
          0.09090909090909091,
          0.0,
          0.06666666666666667,
          0.045454545454545456
        ]
      },
      "A_nmse": {
        "mean": 0.4138069485410928,
        "std": 0.1291045229007094,
        "values": [
          0.28672251619580885,
          0.22563123335809257,
          0.2787393101573108,
          0.6429186632723378,
          0.49474747091347665,
          0.4884574001421873,
          0.4535518907819567,
          0.43978073742514445,
          0.5362456822134682,
          0.2912745809511443
        ]
      },
      "time_s": {
        "mean": 38.02361660003662,
        "std": 2.7890163062586897,
        "values": [
          39.59756875038147,
          35.049856424331665,
          39.62010669708252,
          39.63435983657837,
          39.60779523849487,
          38.16169261932373,
          30.777647972106934,
          39.809592962265015,
          39.77514338493347,
          38.202402114868164
        ]
      }
    },
    "bs=1": {
      "W_shd": {
        "mean": 10.9,
        "std": 7.6216796049164905,
        "values": [
          1.0,
          5.0,
          9.0,
          20.0,
          25.0,
          20.0,
          4.0,
          6.0,
          11.0,
          8.0
        ]
      },
      "W_tpr": {
        "mean": 0.949014210427254,
        "std": 0.037964609059575466,